{
    "$schema": "https://playground.wordpress.net/blueprint-schema.json",
    "preferredVersions": {
        "php": "latest",
        "wp": "latest"
    },
    "siteOptions": {
        "blogname": "WildApricot Press Demo Site"
    },
    "plugins": [
        "newpath-wildapricot-press",
        "error-log-viewer",
        "https://raw.githubusercontent.com/wptrainingteam/playground-demo-handover/main/playground/zips/meta-block-sidebar.zip"
    ],
    "steps": [
        {
            "step": "defineWpConfigConsts",
            "consts": {
                "WP_DISABLE_FATAL_ERROR_HANDLER": true,
                "WP_DEBUG": true,
                "WP_DEBUG_LOG": true,
                "WP_DEBUG_DISPLAY": true,
                "WAP_LICENSE_CHECK_DEV": true
            }
        },
        {
            "step": "installTheme",
            "themeZipFile": {
                "resource": "url",
                "url": "https://raw.githubusercontent.com/wptrainingteam/playground-demo-handover/main/playground/zips/blue-note.zip"
            }
        },
        {
            "step": "runPHP",
            "code": "<?php require_once('/wordpress/wp-load.php'); wp_insert_post(array( 'post_title' => 'Created by a Blueprint', 'post_content' => '<!-- wp:paragraph --><p>How do you update the meta fields?</p><!-- /wp:paragraph --><!-- wp:list --><ol><!-- wp:list-item --><li>Open the <strong>Settings</strong> sidebar by clicking the window icon next to the blue <strong>Update</strong> button.</li><!-- /wp:list-item --><!-- wp:list-item --><li>Click the <strong>Meta Block Sidebar</strong> menu (below the <strong>Summary</strong> menu).</li><!-- /wp:list-item --><!-- wp:list-item --><li>Type the <strong>Team name</strong> and the <strong>date</strong> the person joined the company in the respective fields.</li><!-- /wp:list-item --><!-- wp:list-item --><li>Click the blue <strong>Update</strong> button.</li><!-- /wp:list-item --></ol><!-- /wp:list -->','post_status' => 'publish' ));"
        }
    ],
    "features": {
        "networking": true
    },
    "login": true,
    "landingPage": "/wp-admin/admin.php?page=wawp-wal-admin"
}